matrix,Name,fol
"[[0000000000000],[0000000000000],[0000000000000],[0000000000000],[0000000000000],[0000000000000],[0000000000000],[0000000000000],[0000000000000],[0000000000000],[0000000000000],[0000000000000],[0000000000000]]",frame_0005.jpg,classification_data
"[[0000000000000],[0000000000000],[0000000000000],[0000000000000],[0000000000000],[0000000000000],[0000002000000],[0000000100000],[0000000000000],[0000000000000],[0000000000000],[0000000000000],[0000000000000]]",frame_0011.jpg,classification_data
"[[0000000000000],[0000000000000],[0000000000000],[0000000000000],[0000000000000],[0000000000000],[0000002210000],[0000000100000],[0000000000000],[0000000000000],[0000000000000],[0000000000000],[0000000000000]]",frame_0015.jpg,classification_data
"[[0000000000000],[0000000000000],[0000000000000],[0000000000000],[0000000000000],[0000000000000],[0000002210000],[0000000100000],[0000002000000],[0000000000000],[0000000000000],[0000000000000],[0000000000000]]",frame_0017.jpg,classification_data
"[[0000000000000],[0000000000000],[0000000000000],[0000000000000],[0000000000000],[0000000000000],[0000002210000],[0000001100000],[0000002000000],[0000000000000],[0000000000000],[0000000000000],[0000000000000]]",frame_0021.jpg,classification_data
"[[0000000000000],[0000000000000],[0000000000000],[0000000000000],[0000000000000],[0000000000000],[0000002210000],[0000021100000],[0000002000000],[0000000000000],[0000000000000],[0000000000000],[0000000000000]]",frame_0026.jpg,classification_data
"[[0000000000000],[0000000000000],[0000000000000],[0000000000000],[0000000000000],[0000000000000],[0000002210000],[0000021110000],[0000202000000],[0000000000000],[0000000000000],[0000000000000],[0000000000000]]",frame_0036.jpg,classification_data
"[[0000000000000],[0000000000000],[0000000000000],[0000000000000],[0000000000000],[0000000010000],[0000002210000],[0000021110000],[0000202000000],[0000000000000],[0000000000000],[0000000000000],[0000000000000]]",frame_0040.jpg,classification_data
"[[0000000000000],[0000000000000],[0000000000000],[0000000000000],[0000000020000],[0000000010000],[0000002210000],[0000021110000],[0000202000000],[0000000000000],[0000000000000],[0000000000000],[0000000000000]]",frame_0046.jpg,classification_data
"[[0000000000000],[0000000000000],[0000000000000],[0000000000000],[0000000020000],[0000000210000],[0000002210000],[0000021110100],[0000202000000],[0000000000000],[0000000000000],[0000000000000],[0000000000000]]",frame_0057.jpg,classification_data
"[[0000000000000],[0000000000000],[0000000000000],[0000000000000],[0000000000000],[0000000000000],[0000211000000],[0000002000000],[0000000000000],[0000000000000],[0000000000000],[0000000000000],[0000000000000]]",frame_0082.jpg,classification_data
"[[0000000000000],[0000000000000],[0000000000000],[0000000000000],[0000000000000],[0000000000000],[0000211100000],[0000002000000],[0000000000000],[0000000000000],[0000000000000],[0000000000000],[0000000000000]]",frame_0091.jpg,classification_data
"[[0000000000000],[0000000000000],[0000000000000],[0000000000000],[0000000000000],[0000000000000],[0000211120000],[0000002000000],[0000000000000],[0000000000000],[0000000000000],[0000000000000],[0000000000000]]",frame_0095.jpg,classification_data
"[[0000000000000],[0000000000000],[0000000000000],[0000000000000],[0000000000000],[0000000000000],[0000211120000],[0000002100000],[0000000000000],[0000000000000],[0000000000000],[0000000000000],[0000000000000]]",frame_0098.jpg,classification_data
"[[0000000000000],[0000000000000],[0000000000000],[0000000000000],[0000000000000],[0000000000000],[0000211120000],[0000002120000],[0000000000000],[0000000000000],[0000000000000],[0000000000000],[0000000000000]]",frame_0102.jpg,classification_data
"[[0000000000000],[0000000000000],[0000000000000],[0000000000000],[0000000000000],[0000000100000],[0000211120000],[0000002120000],[0000000000000],[0000000000000],[0000000000000],[0000000000000],[0000000000000]]",frame_0109.jpg,classification_data
"[[0000000000000],[0000000000000],[0000000000000],[0000000000000],[0000000200000],[0000000100000],[0000211120000],[0000002120000],[0000000000000],[0000000000000],[0000000000000],[0000000000000],[0000000000000]]",frame_0115.jpg,classification_data
"[[0000000000000],[0000000000000],[0000000000000],[0000000000000],[0000000220000],[0000000100000],[0000211120000],[0000012120000],[0000000000000],[0000000000000],[0000000000000],[0000000000000],[0000000000000]]",frame_0128.jpg,classification_data
"[[0000000000000],[0000000000000],[0000000000000],[0000000000000],[0000000220000],[0000000100000],[0000211120000],[0000012120000],[0000000010000],[0000000000000],[0000000000000],[0000000000000],[0000000000000]]",frame_0134.jpg,classification_data
"[[0000000000000],[0000000000000],[0000000000000],[0000000010000],[0000000220000],[0000000120000],[0000211120000],[0000012120000],[0000000010000],[0000000000000],[0000000000000],[0000000000000],[0000000000000]]",frame_0142.jpg,classification_data
"[[0000000000000],[0000000000000],[0000000000000],[0000000010000],[0000002220000],[0000000120000],[0000211120000],[0000012120000],[0000000010000],[0000000000000],[0000000000000],[0000000000000],[0000000000000]]",frame_0155.jpg,classification_data
"[[0000000000000],[0000000000000],[0000000000000],[0000000010000],[0000012220000],[0000020120000],[0000211120000],[0000012120000],[0000000010000],[0000000000000],[0000000000000],[0000000000000],[0000000000000]]",frame_0167.jpg,classification_data
"[[0000000000000],[0000000000000],[0000000000000],[0000000010000],[0000012220000],[0000020120000],[0000211120000],[0001012120000],[0000000010000],[0000000000000],[0000000000000],[0000000000000],[0000000000000]]",frame_0173.jpg,classification_data
"[[0000000000000],[0000000000000],[0000000000000],[0000002010000],[0000012220000],[0000020120000],[0000211120000],[0001012120000],[0000000010000],[0000000000000],[0000000000000],[0000000000000],[0000000000000]]",frame_0184.jpg,classification_data
"[[0000000000000],[0000000000000],[0000010000000],[0000002010000],[0000012220000],[0000020120000],[0000211120000],[0001012120000],[0000000010000],[0000000000000],[0000000000000],[0000000000000],[0000000000000]]",frame_0196.jpg,classification_data
"[[0000000000000],[0000000000000],[0000010000000],[0000002010000],[0000012221200],[0000020120000],[0000211120000],[0001012120000],[0000000010000],[0000000000000],[0000000000000],[0000000000000],[0000000000000]]",frame_0208.jpg,classification_data
"[[0000000000000],[0000000000000],[0000010000000],[0000002010000],[0000012221200],[0000020120000],[0000211122000],[0001012120000],[0000000010000],[0000000000000],[0000000000000],[0000000000000],[0000000000000]]",frame_0211.jpg,classification_data
"[[0000000000000],[0000000000000],[0000010000000],[0000002010000],[0000012221200],[0000020120000],[0000211122000],[0001012120100],[0000000010000],[0000000000000],[0000000000000],[0000000000000],[0000000000000]]",frame_0220.jpg,classification_data
"[[0000000000000],[0000000000000],[0000010000000],[0000002010000],[0000012221200],[0000020120200],[0000211122000],[0001012120100],[0000000010000],[0000000000000],[0000000000000],[0000000000000],[0000000000000]]",frame_0224.jpg,classification_data
"[[0000000000000],[0000000000000],[0000010000000],[0000002010000],[0000012221200],[0000020120200],[0000211122000],[0001012120100],[0000000110000],[0000000200000],[0000000000000],[0000000000000],[0000000000000]]",frame_0232.jpg,classification_data
"[[0000000000000],[0000000000000],[0000010000000],[0000002010000],[0000012221200],[0000020120200],[0000211122000],[0001012120100],[0000100110000],[0000000200000],[0000000000000],[0000000000000],[0000000000000]]",frame_0246.jpg,classification_data
"[[0000000000000],[0000000000000],[0000010000000],[0000002010000],[0000012221200],[0000020120200],[0000211122000],[0001012120100],[0000100110000],[0002000200000],[0000000000000],[0000000000000],[0000000000000]]",frame_0249.jpg,classification_data
"[[0000000000000],[0000000000000],[0000000000000],[0000000000000],[0000000000000],[0000000000000],[0000000000000],[0000000000000],[0000000000000],[0000000000000],[0000000000000],[0000000000000],[0000000000000]]",frame_0002.jpg,classification_data2
"[[0000000000000],[0000000000000],[0000000000000],[0000000000000],[0000000000000],[0000000000000],[0000000000000],[0000000000000],[0000000000000],[0000000000000],[0000000000000],[0000000000000],[2000000000000]]",frame_0006.jpg,classification_data2
"[[0000000000000],[0000000000000],[0000000000000],[0000000000000],[0000000000000],[0000000000000],[0000000000000],[0000000000000],[0000000000000],[0000000000000],[0000000000000],[2000000000000],[0000000000000]]",frame_0009.jpg,classification_data2
"[[0000000000000],[0000000000000],[0000000000000],[0000000000000],[0000000000000],[0000000000000],[0000000000000],[0000000000000],[0000000000000],[0000000000000],[2000000000000],[0000000000000],[0000000000000]]",frame_0012.jpg,classification_data2
"[[0000000000000],[0000000000000],[0000000000000],[0000000000000],[0000000000000],[0000000000000],[0000000000000],[0000000000000],[0000000000000],[2000000000000],[0000000000000],[0000000000000],[0000000000000]]",frame_0015.jpg,classification_data2
"[[0000000000000],[0000000000000],[0000000000000],[0000000000000],[0000000000000],[0000000000000],[0000000000000],[0000000000000],[2000000000000],[0000000000000],[0000000000000],[0000000000000],[0000000000000]]",frame_0018.jpg,classification_data2
"[[0000000000000],[0000000000000],[0000000000000],[0000000000000],[0000000000000],[0000000000000],[0000000000000],[2000000000000],[0000000000000],[0000000000000],[0000000000000],[0000000000000],[0000000000000]]",frame_0021.jpg,classification_data2
"[[0000000000000],[0000000000000],[0000000000000],[0000000000000],[0000000000000],[0000000000000],[2000000000000],[0000000000000],[0000000000000],[0000000000000],[0000000000000],[0000000000000],[0000000000000]]",frame_0024.jpg,classification_data2
"[[0000000000000],[0000000000000],[0000000000000],[0000000000000],[0000000000000],[2000000000000],[0000000000000],[0000000000000],[0000000000000],[0000000000000],[0000000000000],[0000000000000],[0000000000000]]",frame_0026.jpg,classification_data2
"[[0000000000000],[0000000000000],[0000000000000],[0000000000000],[2000000000000],[0000000000000],[0000000000000],[0000000000000],[0000000000000],[0000000000000],[0000000000000],[0000000000000],[0000000000000]]",frame_0029.jpg,classification_data2
"[[0000000000000],[0000000000000],[0000000000000],[2000000000000],[0000000000000],[0000000000000],[0000000000000],[0000000000000],[0000000000000],[0000000000000],[0000000000000],[0000000000000],[0000000000000]]",frame_0031.jpg,classification_data2
"[[0000000000000],[0000000000000],[2000000000000],[0000000000000],[0000000000000],[0000000000000],[0000000000000],[0000000000000],[0000000000000],[0000000000000],[0000000000000],[0000000000000],[0000000000000]]",frame_0034.jpg,classification_data2
"[[0000000000000],[2000000000000],[0000000000000],[0000000000000],[0000000000000],[0000000000000],[0000000000000],[0000000000000],[0000000000000],[0000000000000],[0000000000000],[0000000000000],[0000000000000]]",frame_0036.jpg,classification_data2
"[[2000000000000],[0000000000000],[0000000000000],[0000000000000],[0000000000000],[0000000000000],[0000000000000],[0000000000000],[0000000000000],[0000000000000],[0000000000000],[0000000000000],[0000000000000]]",frame_0039.jpg,classification_data2
"[[0200000000000],[0000000000000],[0000000000000],[0000000000000],[0000000000000],[0000000000000],[0000000000000],[0000000000000],[0000000000000],[0000000000000],[0000000000000],[0000000000000],[0000000000000]]",frame_0041.jpg,classification_data2
"[[0000000000000],[0200000000000],[0000000000000],[0000000000000],[0000000000000],[0000000000000],[0000000000000],[0000000000000],[0000000000000],[0000000000000],[0000000000000],[0000000000000],[0000000000000]]",frame_0044.jpg,classification_data2
"[[0000000000000],[0000000000000],[0200000000000],[0000000000000],[0000000000000],[0000000000000],[0000000000000],[0000000000000],[0000000000000],[0000000000000],[0000000000000],[0000000000000],[0000000000000]]",frame_0046.jpg,classification_data2
"[[0000000000000],[0000000000000],[0000000000000],[0200000000000],[0000000000000],[0000000000000],[0000000000000],[0000000000000],[0000000000000],[0000000000000],[0000000000000],[0000000000000],[0000000000000]]",frame_0049.jpg,classification_data2
"[[0000000000000],[0000000000000],[0000000000000],[0000000000000],[0200000000000],[0000000000000],[0000000000000],[0000000000000],[0000000000000],[0000000000000],[0000000000000],[0000000000000],[0000000000000]]",frame_0052.jpg,classification_data2
"[[0000000000000],[0000000000000],[0000000000000],[0000000000000],[0000000000000],[0200000000000],[0000000000000],[0000000000000],[0000000000000],[0000000000000],[0000000000000],[0000000000000],[0000000000000]]",frame_0054.jpg,classification_data2
"[[0000000000000],[0000000000000],[0000000000000],[0000000000000],[0000000000000],[0000000000000],[0200000000000],[0000000000000],[0000000000000],[0000000000000],[0000000000000],[0000000000000],[0000000000000]]",frame_0057.jpg,classification_data2
"[[0000000000000],[0000000000000],[0000000000000],[0000000000000],[0000000000000],[0000000000000],[0000000000000],[0200000000000],[0000000000000],[0000000000000],[0000000000000],[0000000000000],[0000000000000]]",frame_0059.jpg,classification_data2
"[[0000000000000],[0000000000000],[0000000000000],[0000000000000],[0000000000000],[0000000000000],[0000000000000],[0000000000000],[0200000000000],[0000000000000],[0000000000000],[0000000000000],[0000000000000]]",frame_0061.jpg,classification_data2
"[[0000000000000],[0000000000000],[0000000000000],[0000000000000],[0000000000000],[0000000000000],[0000000000000],[0000000000000],[0000000000000],[0200000000000],[0000000000000],[0000000000000],[0000000000000]]",frame_0064.jpg,classification_data2
"[[0000000000000],[0000000000000],[0000000000000],[0000000000000],[0000000000000],[0000000000000],[0000000000000],[0000000000000],[0000000000000],[0000000000000],[0200000000000],[0000000000000],[0000000000000]]",frame_0066.jpg,classification_data2
"[[0000000000000],[0000000000000],[0000000000000],[0000000000000],[0000000000000],[0000000000000],[0000000000000],[0000000000000],[0000000000000],[0000000000000],[0000000000000],[0200000000000],[0000000000000]]",frame_0068.jpg,classification_data2
"[[0000000000000],[0000000000000],[0000000000000],[0000000000000],[0000000000000],[0000000000000],[0000000000000],[0000000000000],[0000000000000],[0000000000000],[0000000000000],[0000000000000],[0200000000000]]",frame_0070.jpg,classification_data2
"[[0000000000000],[0000000000000],[0000000000000],[0000000000000],[0000000000000],[0000000000000],[0000000000000],[0000000000000],[0000000000000],[0000000000000],[0000000000000],[0000000000000],[0020000000000]]",frame_0072.jpg,classification_data2
"[[0000000000000],[0000000000000],[0000000000000],[0000000000000],[0000000000000],[0000000000000],[0000000000000],[0000000000000],[0000000000000],[0000000000000],[0000000000000],[0020000000000],[0000000000000]]",frame_0074.jpg,classification_data2
"[[0000000000000],[0000000000000],[0000000000000],[0000000000000],[0000000000000],[0000000000000],[0000000000000],[0000000000000],[0000000000000],[0000000000000],[0020000000000],[0000000000000],[0000000000000]]",frame_0076.jpg,classification_data2
"[[0000000000000],[0000000000000],[0000000000000],[0000000000000],[0000000000000],[0000000000000],[0000000000000],[0000000000000],[0000000000000],[0020000000000],[0000000000000],[0000000000000],[0000000000000]]",frame_0078.jpg,classification_data2
"[[0000000000000],[0000000000000],[0000000000000],[0000000000000],[0000000000000],[0000000000000],[0000000000000],[0000000000000],[0020000000000],[0000000000000],[0000000000000],[0000000000000],[0000000000000]]",frame_0080.jpg,classification_data2
"[[0000000000000],[0000000000000],[0000000000000],[0000000000000],[0000000000000],[0000000000000],[0000000000000],[0020000000000],[0000000000000],[0000000000000],[0000000000000],[0000000000000],[0000000000000]]",frame_0082.jpg,classification_data2
"[[0000000000000],[0000000000000],[0000000000000],[0000000000000],[0000000000000],[0000000000000],[0020000000000],[0000000000000],[0000000000000],[0000000000000],[0000000000000],[0000000000000],[0000000000000]]",frame_0084.jpg,classification_data2
"[[0000000000000],[0000000000000],[0000000000000],[0000000000000],[0000000000000],[0020000000000],[0000000000000],[0000000000000],[0000000000000],[0000000000000],[0000000000000],[0000000000000],[0000000000000]]",frame_0086.jpg,classification_data2
"[[0000000000000],[0000000000000],[0020000000000],[0000000000000],[0000000000000],[0000000000000],[0000000000000],[0000000000000],[0000000000000],[0000000000000],[0000000000000],[0000000000000],[0000000000000]]",frame_0093.jpg,classification_data2
"[[0000000000000],[0020000000000],[0000000000000],[0000000000000],[0000000000000],[0000000000000],[0000000000000],[0000000000000],[0000000000000],[0000000000000],[0000000000000],[0000000000000],[0000000000000]]",frame_0095.jpg,classification_data2
"[[0020000000000],[0000000000000],[0000000000000],[0000000000000],[0000000000000],[0000000000000],[0000000000000],[0000000000000],[0000000000000],[0000000000000],[0000000000000],[0000000000000],[0000000000000]]",frame_0097.jpg,classification_data2
"[[0002000000000],[0000000000000],[0000000000000],[0000000000000],[0000000000000],[0000000000000],[0000000000000],[0000000000000],[0000000000000],[0000000000000],[0000000000000],[0000000000000],[0000000000000]]",frame_0099.jpg,classification_data2
"[[0000000000000],[0002000000000],[0000000000000],[0000000000000],[0000000000000],[0000000000000],[0000000000000],[0000000000000],[0000000000000],[0000000000000],[0000000000000],[0000000000000],[0000000000000]]",frame_0101.jpg,classification_data2
"[[0000000000000],[0000000000000],[0002000000000],[0000000000000],[0000000000000],[0000000000000],[0000000000000],[0000000000000],[0000000000000],[0000000000000],[0000000000000],[0000000000000],[0000000000000]]",frame_0103.jpg,classification_data2
"[[0000000000000],[0000000000000],[0000000000000],[0000000000000],[0002000000000],[0000000000000],[0000000000000],[0000000000000],[0000000000000],[0000000000000],[0000000000000],[0000000000000],[0000000000000]]",frame_0108.jpg,classification_data2
"[[0000000000000],[0000000000000],[0000000000000],[0000000000000],[0000000000000],[0000000000000],[0000000000000],[0002000000000],[0000000000000],[0000000000000],[0000000000000],[0000000000000],[0000000000000]]",frame_0115.jpg,classification_data2
"[[0000000000000],[0000000000000],[0000000000000],[0000000000000],[0000000000000],[0000000000000],[0000000000000],[0000000000000],[0002000000000],[0000000000000],[0000000000000],[0000000000000],[0000000000000]]",frame_0117.jpg,classification_data2
"[[0000000000000],[0000000000000],[0000000000000],[0000000000000],[0000000000000],[0000000000000],[0000000000000],[0000000000000],[0000000000000],[0002000000000],[0000000000000],[0000000000000],[0000000000000]]",frame_0119.jpg,classification_data2
"[[0000000000000],[0000000000000],[0000000000000],[0000000000000],[0000000000000],[0000000000000],[0000000000000],[0000000000000],[0000000000000],[0000000000000],[0002000000000],[0000000000000],[0000000000000]]",frame_0121.jpg,classification_data2
"[[0000000000000],[0000000000000],[0000000000000],[0000000000000],[0000000000000],[0000000000000],[0000000000000],[0000000000000],[0000000000000],[0000000000000],[0000000000000],[0002000000000],[0000000000000]]",frame_0123.jpg,classification_data2
"[[0000000000000],[0000000000000],[0000000000000],[0000000000000],[0000000000000],[0000000000000],[0000000000000],[0000000000000],[0000000000000],[0000000000000],[0000000000000],[0000000000000],[0002000000000]]",frame_0125.jpg,classification_data2
"[[0000000000000],[0000000000000],[0000000000000],[0000000000000],[0000000000000],[0000000000000],[0000000000000],[0000200000000],[0000000000000],[0000000000000],[0000000000000],[0000000000000],[0000000000000]]",frame_0137.jpg,classification_data2
"[[0000000000000],[0000000000000],[0000000000000],[0000000000000],[0000000000000],[0000200000000],[0000000000000],[0000000000000],[0000000000000],[0000000000000],[0000000000000],[0000000000000],[0000000000000]]",frame_0142.jpg,classification_data2
"[[0000000000000],[0000000000000],[0000000000000],[0000000000000],[0000200000000],[0000000000000],[0000000000000],[0000000000000],[0000000000000],[0000000000000],[0000000000000],[0000000000000],[0000000000000]]",frame_0144.jpg,classification_data2
"[[0000000000000],[0000000000000],[0000000000000],[0000200000000],[0000000000000],[0000000000000],[0000000000000],[0000000000000],[0000000000000],[0000000000000],[0000000000000],[0000000000000],[0000000000000]]",frame_0146.jpg,classification_data2
"[[0000000000000],[0000000000000],[0000200000000],[0000000000000],[0000000000000],[0000000000000],[0000000000000],[0000000000000],[0000000000000],[0000000000000],[0000000000000],[0000000000000],[0000000000000]]",frame_0148.jpg,classification_data2
"[[0000000000000],[0000200000000],[0000000000000],[0000000000000],[0000000000000],[0000000000000],[0000000000000],[0000000000000],[0000000000000],[0000000000000],[0000000000000],[0000000000000],[0000000000000]]",frame_0150.jpg,classification_data2
"[[0000000000000],[0000000000000],[0000000000000],[0000000000000],[0000000000000],[0000000000000],[0000020000000],[0000000000000],[0000000000000],[0000000000000],[0000000000000],[0000000000000],[0000000000000]]",frame_0165.jpg,classification_data2
"[[0000000000000],[0000000000000],[0000000000000],[0000000000000],[0000000000000],[0000000000000],[0000000000000],[0000020000000],[0000000000000],[0000000000000],[0000000000000],[0000000000000],[0000000000000]]",frame_0167.jpg,classification_data2
"[[0000000000000],[0000000000000],[0000000000000],[0000000000000],[0000000000000],[0000000000000],[0000000000000],[0000000000000],[0000020000000],[0000000000000],[0000000000000],[0000000000000],[0000000000000]]",frame_0169.jpg,classification_data2
"[[0000000000000],[0000000000000],[0000000000000],[0000000000000],[0000000000000],[0000000000000],[0000000000000],[0000000000000],[0000000000000],[0000020000000],[0000000000000],[0000000000000],[0000000000000]]",frame_0171.jpg,classification_data2
"[[0000000000000],[0000000000000],[0000000000000],[0000000000000],[0000000000000],[0000000000000],[0000000000000],[0000000000000],[0000000000000],[0000000000000],[0000020000000],[0000000000000],[0000000000000]]",frame_0173.jpg,classification_data2
"[[0000000000000],[0000000000000],[0000000000000],[0000000000000],[0000000000000],[0000000000000],[0000000000000],[0000000000000],[0000000000000],[0000000000000],[0000000000000],[0000020000000],[0000000000000]]",frame_0175.jpg,classification_data2
"[[0000000000000],[0000000000000],[0000000000000],[0000000000000],[0000000000000],[0000000000000],[0000000000000],[0000000000000],[0000000000000],[0000000000000],[0000000000000],[0000000000000],[0000020000000]]",frame_0177.jpg,classification_data2
"[[0000000000000],[0000000000000],[0000000000000],[0000000000000],[0000000000000],[0000000000000],[0000000000000],[0000000000000],[0000000000000],[0000000000000],[0000000000000],[0000000000000],[0000002000000]]",frame_0179.jpg,classification_data2
"[[0000000000000],[0000000000000],[0000000000000],[0000000000000],[0000000000000],[0000000000000],[0000000000000],[0000000000000],[0000000000000],[0000000000000],[0000000000000],[0000002000000],[0000000000000]]",frame_0181.jpg,classification_data2
"[[0000000000000],[0000000000000],[0000000000000],[0000000000000],[0000000000000],[0000000000000],[0000000000000],[0000000000000],[0000002000000],[0000000000000],[0000000000000],[0000000000000],[0000000000000]]",frame_0187.jpg,classification_data2
"[[0000000000000],[0000000000000],[0000000000000],[0000000000000],[0000000000000],[0000000000000],[0000000000000],[0000002000000],[0000000000000],[0000000000000],[0000000000000],[0000000000000],[0000000000000]]",frame_0189.jpg,classification_data2
"[[0000000000000],[0000000000000],[0000000000000],[0000000000000],[0000000000000],[0000000000000],[0000002000000],[0000000000000],[0000000000000],[0000000000000],[0000000000000],[0000000000000],[0000000000000]]",frame_0191.jpg,classification_data2
"[[0000000000000],[0000000000000],[0000000000000],[0000000000000],[0000000000000],[0000002000000],[0000000000000],[0000000000000],[0000000000000],[0000000000000],[0000000000000],[0000000000000],[0000000000000]]",frame_0193.jpg,classification_data2
"[[0000000000000],[0000000000000],[0000000000000],[0000000000000],[0000002000000],[0000000000000],[0000000000000],[0000000000000],[0000000000000],[0000000000000],[0000000000000],[0000000000000],[0000000000000]]",frame_0195.jpg,classification_data2
"[[0000000000000],[0000000000000],[0000000000000],[0000002000000],[0000000000000],[0000000000000],[0000000000000],[0000000000000],[0000000000000],[0000000000000],[0000000000000],[0000000000000],[0000000000000]]",frame_0197.jpg,classification_data2
"[[0000000000000],[0000000000000],[0000002000000],[0000000000000],[0000000000000],[0000000000000],[0000000000000],[0000000000000],[0000000000000],[0000000000000],[0000000000000],[0000000000000],[0000000000000]]",frame_0199.jpg,classification_data2
"[[0000000000000],[0000002000000],[0000000000000],[0000000000000],[0000000000000],[0000000000000],[0000000000000],[0000000000000],[0000000000000],[0000000000000],[0000000000000],[0000000000000],[0000000000000]]",frame_0201.jpg,classification_data2
"[[0000002000000],[0000000000000],[0000000000000],[0000000000000],[0000000000000],[0000000000000],[0000000000000],[0000000000000],[0000000000000],[0000000000000],[0000000000000],[0000000000000],[0000000000000]]",frame_0203.jpg,classification_data2
"[[0000000000000],[0000000000000],[0000000000000],[0000000000000],[0000000200000],[0000000000000],[0000000000000],[0000000000000],[0000000000000],[0000000000000],[0000000000000],[0000000000000],[0000000000000]]",frame_0213.jpg,classification_data2
"[[0000000000000],[0000000000000],[0000000000000],[0000000000000],[0000000000000],[0000000200000],[0000000000000],[0000000000000],[0000000000000],[0000000000000],[0000000000000],[0000000000000],[0000000000000]]",frame_0215.jpg,classification_data2
"[[0000000000000],[0000000000000],[0000000000000],[0000000000000],[0000000000000],[0000000000000],[0000000200000],[0000000000000],[0000000000000],[0000000000000],[0000000000000],[0000000000000],[0000000000000]]",frame_0217.jpg,classification_data2
"[[0000000000000],[0000000000000],[0000000000000],[0000000000000],[0000000000000],[0000000000000],[0000000000000],[0000000000000],[0000000000000],[0000000000000],[0000000000000],[0000000020000],[0000000000000]]",frame_0233.jpg,classification_data2
"[[0000000000000],[0000000000000],[0000000000000],[0000000000000],[0000000000000],[0000000000000],[0000000000000],[0000000000000],[0000000000000],[0000000000000],[0000000020000],[0000000000000],[0000000000000]]",frame_0235.jpg,classification_data2
"[[0000000000000],[0000000000000],[0000000000000],[0000000000000],[0000000000000],[0000000000000],[0000000000000],[0000000000000],[0000000000000],[0000000020000],[0000000000000],[0000000000000],[0000000000000]]",frame_0237.jpg,classification_data2
"[[0000000000000],[0000000000000],[0000000000000],[0000000000000],[0000000000000],[0000000000000],[0000000000000],[0000000000000],[0000000020000],[0000000000000],[0000000000000],[0000000000000],[0000000000000]]",frame_0239.jpg,classification_data2
"[[0000000000000],[0000000000000],[0000000000000],[0000000000000],[0000000000000],[0000000000000],[0000000000000],[0000000020000],[0000000000000],[0000000000000],[0000000000000],[0000000000000],[0000000000000]]",frame_0241.jpg,classification_data2
"[[0000000000000],[0000000000000],[0000000000000],[0000000000000],[0000000000000],[0000000000000],[0000000020000],[0000000000000],[0000000000000],[0000000000000],[0000000000000],[0000000000000],[0000000000000]]",frame_0243.jpg,classification_data2
"[[0000000000000],[0000000000000],[0000000000000],[0000000000000],[0000000000000],[0000000020000],[0000000000000],[0000000000000],[0000000000000],[0000000000000],[0000000000000],[0000000000000],[0000000000000]]",frame_0245.jpg,classification_data2
"[[0000000000000],[0000000000000],[0000000000000],[0000000000000],[0000000002000],[0000000000000],[0000000000000],[0000000000000],[0000000000000],[0000000000000],[0000000000000],[0000000000000],[0000000000000]]",frame_0265.jpg,classification_data2
"[[0000000000000],[0000000000000],[0000000000000],[0000000000000],[0000000000000],[0000000002000],[0000000000000],[0000000000000],[0000000000000],[0000000000000],[0000000000000],[0000000000000],[0000000000000]]",frame_0267.jpg,classification_data2
"[[0000000000000],[0000000000000],[0000000000000],[0000000000000],[0000000000000],[0000000000000],[0000000002000],[0000000000000],[0000000000000],[0000000000000],[0000000000000],[0000000000000],[0000000000000]]",frame_0269.jpg,classification_data2
"[[0000000000000],[0000000000000],[0000000000000],[0000000000000],[0000000000000],[0000000000000],[0000000000000],[0000000002000],[0000000000000],[0000000000000],[0000000000000],[0000000000000],[0000000000000]]",frame_0271.jpg,classification_data2
"[[0000000000000],[0000000000000],[0000000000000],[0000000000000],[0000000000000],[0000000000000],[0000000000000],[0000000000000],[0000000002000],[0000000000000],[0000000000000],[0000000000000],[0000000000000]]",frame_0273.jpg,classification_data2
"[[0000000000000],[0000000000000],[0000000000000],[0000000000000],[0000000000000],[0000000000000],[0000000000000],[0000000000000],[0000000000000],[0000000002000],[0000000000000],[0000000000000],[0000000000000]]",frame_0275.jpg,classification_data2
"[[0000000000000],[0000000000000],[0000000000000],[0000000000000],[0000000000000],[0000000000000],[0000000000000],[0000000000000],[0000000000000],[0000000000000],[0000000002000],[0000000000000],[0000000000000]]",frame_0277.jpg,classification_data2
"[[0000000000000],[0000000000000],[0000000000000],[0000000000000],[0000000000000],[0000000000000],[0000000000000],[0000000000000],[0000000000000],[0000000000000],[0000000000000],[0000000002000],[0000000000000]]",frame_0279.jpg,classification_data2
"[[0000000000000],[0000000000000],[0000000000000],[0000000000000],[0000000000000],[0000000000000],[0000000000000],[0000000000000],[0000000000000],[0000000000000],[0000000000000],[0000000000000],[0000000002000]]",frame_0281.jpg,classification_data2
"[[0000000000000],[0000000000000],[0000000000000],[0000000000000],[0000000000000],[0000000000000],[0000000000000],[0000000000000],[0000000000000],[0000000000000],[0000000000000],[0000000000000],[0000000000200]]",frame_0283.jpg,classification_data2
"[[0000000000000],[0000000000000],[0000000000000],[0000000000000],[0000000000000],[0000000000000],[0000000000000],[0000000000000],[0000000000000],[0000000000000],[0000000000000],[0000000000200],[0000000000000]]",frame_0285.jpg,classification_data2
"[[0000000000000],[0000000000000],[0000000000000],[0000000000000],[0000000000000],[0000000000000],[0000000000000],[0000000000000],[0000000000000],[0000000000000],[0000000000200],[0000000000000],[0000000000000]]",frame_0287.jpg,classification_data2
"[[0000000000000],[0000000000000],[0000000000000],[0000000000000],[0000000000000],[0000000000000],[0000000000000],[0000000000200],[0000000000000],[0000000000000],[0000000000000],[0000000000000],[0000000000000]]",frame_0292.jpg,classification_data2
"[[0000000000000],[0000000000000],[0000000000000],[0000000000000],[0000000000000],[0000000000000],[0000000000200],[0000000000000],[0000000000000],[0000000000000],[0000000000000],[0000000000000],[0000000000000]]",frame_0294.jpg,classification_data2
"[[0000000000000],[0000000000000],[0000000000000],[0000000000000],[0000000000000],[0000000000200],[0000000000000],[0000000000000],[0000000000000],[0000000000000],[0000000000000],[0000000000000],[0000000000000]]",frame_0296.jpg,classification_data2
"[[0000000000000],[0000000000000],[0000000000000],[0000000000000],[0000000000200],[0000000000000],[0000000000000],[0000000000000],[0000000000000],[0000000000000],[0000000000000],[0000000000000],[0000000000000]]",frame_0298.jpg,classification_data2
"[[0000000000000],[0000000000200],[0000000000000],[0000000000000],[0000000000000],[0000000000000],[0000000000000],[0000000000000],[0000000000000],[0000000000000],[0000000000000],[0000000000000],[0000000000000]]",frame_0303.jpg,classification_data2
"[[0000000000200],[0000000000000],[0000000000000],[0000000000000],[0000000000000],[0000000000000],[0000000000000],[0000000000000],[0000000000000],[0000000000000],[0000000000000],[0000000000000],[0000000000000]]",frame_0305.jpg,classification_data2
"[[0000000000020],[0000000000000],[0000000000000],[0000000000000],[0000000000000],[0000000000000],[0000000000000],[0000000000000],[0000000000000],[0000000000000],[0000000000000],[0000000000000],[0000000000000]]",frame_0307.jpg,classification_data2
"[[0000000000000],[0000000000020],[0000000000000],[0000000000000],[0000000000000],[0000000000000],[0000000000000],[0000000000000],[0000000000000],[0000000000000],[0000000000000],[0000000000000],[0000000000000]]",frame_0309.jpg,classification_data2
"[[0000000000000],[0000000000000],[0000000000020],[0000000000000],[0000000000000],[0000000000000],[0000000000000],[0000000000000],[0000000000000],[0000000000000],[0000000000000],[0000000000000],[0000000000000]]",frame_0311.jpg,classification_data2
"[[0000000000000],[0000000000000],[0000000000000],[0000000000000],[0000000000000],[0000000000000],[0000000000000],[0000000000000],[0000000000000],[0000000000000],[0000000000020],[0000000000000],[0000000000000]]",frame_0326.jpg,classification_data2
"[[0000000000000],[0000000000000],[0000000000000],[0000000000000],[0000000000000],[0000000000000],[0000000000000],[0000000000000],[0000000000000],[0000000000000],[0000000000000],[0000000000020],[0000000000000]]",frame_0328.jpg,classification_data2
"[[0000000000000],[0000000000000],[0000000000000],[0000000000000],[0000000000000],[0000000000000],[0000000000000],[0000000000000],[0000000000000],[0000000000000],[0000000000000],[0000000000000],[0000000000020]]",frame_0330.jpg,classification_data2
"[[0000000000000],[0000000000000],[0000000000000],[0000000000000],[0000000000000],[0000000000000],[0000000000000],[0000000000000],[0000000000002],[0000000000000],[0000000000000],[0000000000000],[0000000000000]]",frame_0339.jpg,classification_data2
"[[0000000000000],[0000000000000],[0000000000000],[0000000000000],[0000000000000],[0000000000000],[0000000000000],[0000000000002],[0000000000000],[0000000000000],[0000000000000],[0000000000000],[0000000000000]]",frame_0341.jpg,classification_data2
"[[0000000000000],[0000000000000],[0000000000002],[0000000000000],[0000000000000],[0000000000000],[0000000000000],[0000000000000],[0000000000000],[0000000000000],[0000000000000],[0000000000000],[0000000000000]]",frame_0350.jpg,classification_data2
"[[0000000000000],[0000000000002],[0000000000000],[0000000000000],[0000000000000],[0000000000000],[0000000000000],[0000000000000],[0000000000000],[0000000000000],[0000000000000],[0000000000000],[0000000000000]]",frame_0352.jpg,classification_data2
"[[0000000000002],[0000000000000],[0000000000000],[0000000000000],[0000000000000],[0000000000000],[0000000000000],[0000000000000],[0000000000000],[0000000000000],[0000000000000],[0000000000000],[0000000000000]]",frame_0354.jpg,classification_data2
"[[1000000000000],[0000000000000],[0000000000000],[0000000000000],[0000000000000],[0000000000000],[0000000000000],[0000000000000],[0000000000000],[0000000000000],[0000000000000],[0000000000000],[0000000000000]]",frame_0360.jpg,classification_data2
"[[0000000000000],[1000000000000],[0000000000000],[0000000000000],[0000000000000],[0000000000000],[0000000000000],[0000000000000],[0000000000000],[0000000000000],[0000000000000],[0000000000000],[0000000000000]]",frame_0362.jpg,classification_data2
"[[0000000000000],[0000000000000],[1000000000000],[0000000000000],[0000000000000],[0000000000000],[0000000000000],[0000000000000],[0000000000000],[0000000000000],[0000000000000],[0000000000000],[0000000000000]]",frame_0364.jpg,classification_data2
"[[0000000000000],[0000000000000],[0000000000000],[1000000000000],[0000000000000],[0000000000000],[0000000000000],[0000000000000],[0000000000000],[0000000000000],[0000000000000],[0000000000000],[0000000000000]]",frame_0366.jpg,classification_data2
"[[0000000000000],[0000000000000],[0000000000000],[0000000000000],[1000000000000],[0000000000000],[0000000000000],[0000000000000],[0000000000000],[0000000000000],[0000000000000],[0000000000000],[0000000000000]]",frame_0368.jpg,classification_data2
"[[0000000000000],[0000000000000],[0000000000000],[0000000000000],[0000000000000],[0000000000000],[1000000000000],[0000000000000],[0000000000000],[0000000000000],[0000000000000],[0000000000000],[0000000000000]]",frame_0371.jpg,classification_data2
"[[0000000000000],[0000000000000],[0000000000000],[0000000000000],[0000000000000],[0000000000000],[0000000000000],[1000000000000],[0000000000000],[0000000000000],[0000000000000],[0000000000000],[0000000000000]]",frame_0373.jpg,classification_data2
"[[0000000000000],[0000000000000],[0000000000000],[0000000000000],[0000000000000],[0000000000000],[0000000000000],[0000000000000],[1000000000000],[0000000000000],[0000000000000],[0000000000000],[0000000000000]]",frame_0375.jpg,classification_data2
"[[0000000000000],[0000000000000],[0000000000000],[0000000000000],[0000000000000],[0000000000000],[0000000000000],[0000000000000],[0000000000000],[1000000000000],[0000000000000],[0000000000000],[0000000000000]]",frame_0377.jpg,classification_data2
"[[0000000000000],[0000000000000],[0000000000000],[0000000000000],[0000000000000],[0000000000000],[0000000000000],[0000000000000],[0000000000000],[0000000000000],[0000000000000],[1000000000000],[0000000000000]]",frame_0380.jpg,classification_data2
"[[0000000000000],[0000000000000],[0000000000000],[0000000000000],[0000000000000],[0000000000000],[0000000000000],[0000000000000],[0000000000000],[0000000000000],[0000000000000],[0000000000000],[1000000000000]]",frame_0382.jpg,classification_data2
"[[0000000000000],[0000000000000],[0000000000000],[0000000000000],[0000000000000],[0000000000000],[0000000000000],[0000000000000],[0000000000000],[0000000000000],[0000000000000],[0000000000000],[0100000000000]]",frame_0384.jpg,classification_data2
"[[0000000000000],[0000000000000],[0000000000000],[0000000000000],[0000000000000],[0000000000000],[0000000000000],[0000000000000],[0000000000000],[0000000000000],[0100000000000],[0000000000000],[0000000000000]]",frame_0387.jpg,classification_data2
"[[0000000000000],[0000000000000],[0000000000000],[0000000000000],[0000000000000],[0000000000000],[0000000000000],[0000000000000],[0000000000000],[0100000000000],[0000000000000],[0000000000000],[0000000000000]]",frame_0389.jpg,classification_data2
"[[0000000000000],[0000000000000],[0000000000000],[0000000000000],[0000000000000],[0000000000000],[0000000000000],[0000000000000],[0100000000000],[0000000000000],[0000000000000],[0000000000000],[0000000000000]]",frame_0391.jpg,classification_data2
"[[0000000000000],[0000000000000],[0000000000000],[0000000000000],[0000000000000],[0000000000000],[0100000000000],[0000000000000],[0000000000000],[0000000000000],[0000000000000],[0000000000000],[0000000000000]]",frame_0394.jpg,classification_data2
"[[0000000000000],[0000000000000],[0000000000000],[0000000000000],[0000000000000],[0100000000000],[0000000000000],[0000000000000],[0000000000000],[0000000000000],[0000000000000],[0000000000000],[0000000000000]]",frame_0396.jpg,classification_data2
"[[0000000000000],[0000000000000],[0000000000000],[0000000000000],[0100000000000],[0000000000000],[0000000000000],[0000000000000],[0000000000000],[0000000000000],[0000000000000],[0000000000000],[0000000000000]]",frame_0397.jpg,classification_data2
"[[0000000000000],[0000000000000],[0000000000000],[0100000000000],[0000000000000],[0000000000000],[0000000000000],[0000000000000],[0000000000000],[0000000000000],[0000000000000],[0000000000000],[0000000000000]]",frame_0399.jpg,classification_data2
"[[0000000000000],[0100000000000],[0000000000000],[0000000000000],[0000000000000],[0000000000000],[0000000000000],[0000000000000],[0000000000000],[0000000000000],[0000000000000],[0000000000000],[0000000000000]]",frame_0402.jpg,classification_data2
"[[0100000000000],[0000000000000],[0000000000000],[0000000000000],[0000000000000],[0000000000000],[0000000000000],[0000000000000],[0000000000000],[0000000000000],[0000000000000],[0000000000000],[0000000000000]]",frame_0404.jpg,classification_data2
"[[0000000000000],[0000000000000],[0010000000000],[0000000000000],[0000000000000],[0000000000000],[0000000000000],[0000000000000],[0000000000000],[0000000000000],[0000000000000],[0000000000000],[0000000000000]]",frame_0409.jpg,classification_data2
"[[0000000000000],[0000000000000],[0000000000000],[0010000000000],[0000000000000],[0000000000000],[0000000000000],[0000000000000],[0000000000000],[0000000000000],[0000000000000],[0000000000000],[0000000000000]]",frame_0411.jpg,classification_data2
"[[0000000000000],[0000000000000],[0000000000000],[0000000000000],[0000000000000],[0010000000000],[0000000000000],[0000000000000],[0000000000000],[0000000000000],[0000000000000],[0000000000000],[0000000000000]]",frame_0414.jpg,classification_data2
"[[0000000000000],[0000000000000],[0000000000000],[0000000000000],[0000000000000],[0000000000000],[0010000000000],[0000000000000],[0000000000000],[0000000000000],[0000000000000],[0000000000000],[0000000000000]]",frame_0416.jpg,classification_data2
"[[0000000000000],[0000000000000],[0000000000000],[0000000000000],[0000000000000],[0000000000000],[0000000000000],[0010000000000],[0000000000000],[0000000000000],[0000000000000],[0000000000000],[0000000000000]]",frame_0417.jpg,classification_data2
"[[0000000000000],[0000000000000],[0000000000000],[0000000000000],[0000000000000],[0000000000000],[0000000000000],[0000000000000],[0010000000000],[0000000000000],[0000000000000],[0000000000000],[0000000000000]]",frame_0419.jpg,classification_data2
"[[0000000000000],[0000000000000],[0000000000000],[0000000000000],[0000000000000],[0000000000000],[0000000000000],[0000000000000],[0000000000000],[0000000000000],[0010000000000],[0000000000000],[0000000000000]]",frame_0422.jpg,classification_data2
"[[0000000000000],[0000000000000],[0000000000000],[0000000000000],[0000000000000],[0000000000000],[0000000000000],[0000000000000],[0000000000000],[0000000000000],[0000000000000],[0000000000000],[0010000000000]]",frame_0425.jpg,classification_data2
"[[0000000000000],[0000000000000],[0000000000000],[0000000000000],[0000000000000],[0000000000000],[0000000000000],[0000000000000],[0000000000000],[0000000000000],[0000000000000],[0001000000000],[0000000000000]]",frame_0428.jpg,classification_data2
"[[0000000000000],[0000000000000],[0000000000000],[0000000000000],[0000000000000],[0000000000000],[0000000000000],[0000000000000],[0000000000000],[0000000000000],[0001000000000],[0000000000000],[0000000000000]]",frame_0430.jpg,classification_data2
"[[0000000000000],[0000000000000],[0000000000000],[0000000000000],[0000000000000],[0000000000000],[0000000000000],[0000000000000],[0001000000000],[0000000000000],[0000000000000],[0000000000000],[0000000000000]]",frame_0433.jpg,classification_data2
"[[0000000000000],[0000000000000],[0000000000000],[0000000000000],[0000000000000],[0000000000000],[0000000000000],[0001000000000],[0000000000000],[0000000000000],[0000000000000],[0000000000000],[0000000000000]]",frame_0435.jpg,classification_data2
"[[0000000000000],[0000000000000],[0000000000000],[0000000000000],[0000000000000],[0001000000000],[0000000000000],[0000000000000],[0000000000000],[0000000000000],[0000000000000],[0000000000000],[0000000000000]]",frame_0438.jpg,classification_data2
"[[0000000000000],[0000000000000],[0000000000000],[0001000000000],[0000000000000],[0000000000000],[0000000000000],[0000000000000],[0000000000000],[0000000000000],[0000000000000],[0000000000000],[0000000000000]]",frame_0441.jpg,classification_data2
"[[0000000000000],[0001000000000],[0000000000000],[0000000000000],[0000000000000],[0000000000000],[0000000000000],[0000000000000],[0000000000000],[0000000000000],[0000000000000],[0000000000000],[0000000000000]]",frame_0444.jpg,classification_data2
"[[0001000000000],[0000000000000],[0000000000000],[0000000000000],[0000000000000],[0000000000000],[0000000000000],[0000000000000],[0000000000000],[0000000000000],[0000000000000],[0000000000000],[0000000000000]]",frame_0446.jpg,classification_data2
"[[0000000000000],[0000000000000],[0000100000000],[0000000000000],[0000000000000],[0000000000000],[0000000000000],[0000000000000],[0000000000000],[0000000000000],[0000000000000],[0000000000000],[0000000000000]]",frame_0451.jpg,classification_data2
"[[0000000000000],[0000000000000],[0000000000000],[0000100000000],[0000000000000],[0000000000000],[0000000000000],[0000000000000],[0000000000000],[0000000000000],[0000000000000],[0000000000000],[0000000000000]]",frame_0453.jpg,classification_data2
"[[0000000000000],[0000000000000],[0000000000000],[0000000000000],[0000100000000],[0000000000000],[0000000000000],[0000000000000],[0000000000000],[0000000000000],[0000000000000],[0000000000000],[0000000000000]]",frame_0456.jpg,classification_data2
"[[0000000000000],[0000000000000],[0000000000000],[0000000000000],[0000000000000],[0000100000000],[0000000000000],[0000000000000],[0000000000000],[0000000000000],[0000000000000],[0000000000000],[0000000000000]]",frame_0458.jpg,classification_data2
"[[0000000000000],[0000000000000],[0000000000000],[0000000000000],[0000000000000],[0000000000000],[0000000000000],[0000100000000],[0000000000000],[0000000000000],[0000000000000],[0000000000000],[0000000000000]]",frame_0461.jpg,classification_data2
"[[0000000000000],[0000000000000],[0000000000000],[0000000000000],[0000000000000],[0000000000000],[0000000000000],[0000000000000],[0000000000000],[0000100000000],[0000000000000],[0000000000000],[0000000000000]]",frame_0464.jpg,classification_data2
"[[0000000000000],[0000000000000],[0000000000000],[0000000000000],[0000000000000],[0000000000000],[0000000000000],[0000000000000],[0000000000000],[0000000000000],[0000100000000],[0000000000000],[0000000000000]]",frame_0466.jpg,classification_data2
"[[0000000000000],[0000000000000],[0000000000000],[0000000000000],[0000000000000],[0000000000000],[0000000000000],[0000000000000],[0000000000000],[0000000000000],[0000000000000],[0000000000000],[0000100000000]]",frame_0469.jpg,classification_data2
"[[0000000000000],[0000000000000],[0000000000000],[0000000000000],[0000000000000],[0000000000000],[0000000000000],[0000000000000],[0000000000000],[0000000000000],[0000010000000],[0000000000000],[0000000000000]]",frame_0474.jpg,classification_data2
"[[0000000000000],[0000000000000],[0000000000000],[0000000000000],[0000000000000],[0000000000000],[0000000000000],[0000000000000],[0000010000000],[0000000000000],[0000000000000],[0000000000000],[0000000000000]]",frame_0477.jpg,classification_data2
"[[0000000000000],[0000000000000],[0000000000000],[0000000000000],[0000000000000],[0000000000000],[0000000000000],[0000010000000],[0000000000000],[0000000000000],[0000000000000],[0000000000000],[0000000000000]]",frame_0479.jpg,classification_data2
"[[0000000000000],[0000000000000],[0000000000000],[0000000000000],[0000000000000],[0000010000000],[0000000000000],[0000000000000],[0000000000000],[0000000000000],[0000000000000],[0000000000000],[0000000000000]]",frame_0482.jpg,classification_data2
"[[0000000000000],[0000000000000],[0000000000000],[0000010000000],[0000000000000],[0000000000000],[0000000000000],[0000000000000],[0000000000000],[0000000000000],[0000000000000],[0000000000000],[0000000000000]]",frame_0485.jpg,classification_data2
"[[0000000000000],[0000010000000],[0000000000000],[0000000000000],[0000000000000],[0000000000000],[0000000000000],[0000000000000],[0000000000000],[0000000000000],[0000000000000],[0000000000000],[0000000000000]]",frame_0488.jpg,classification_data2
"[[0000010000000],[0000000000000],[0000000000000],[0000000000000],[0000000000000],[0000000000000],[0000000000000],[0000000000000],[0000000000000],[0000000000000],[0000000000000],[0000000000000],[0000000000000]]",frame_0490.jpg,classification_data2
"[[0000000000000],[0000001000000],[0000000000000],[0000000000000],[0000000000000],[0000000000000],[0000000000000],[0000000000000],[0000000000000],[0000000000000],[0000000000000],[0000000000000],[0000000000000]]",frame_0493.jpg,classification_data2
"[[0000000000000],[0000000000000],[0000001000000],[0000000000000],[0000000000000],[0000000000000],[0000000000000],[0000000000000],[0000000000000],[0000000000000],[0000000000000],[0000000000000],[0000000000000]]",frame_0495.jpg,classification_data2
"[[0000000000000],[0000000000000],[0000000000000],[0000000000000],[0000001000000],[0000000000000],[0000000000000],[0000000000000],[0000000000000],[0000000000000],[0000000000000],[0000000000000],[0000000000000]]",frame_0498.jpg,classification_data2
"[[0000000000000],[0000000000000],[0000000000000],[0000000000000],[0000000000000],[0000001000000],[0000000000000],[0000000000000],[0000000000000],[0000000000000],[0000000000000],[0000000000000],[0000000000000]]",frame_0500.jpg,classification_data2
"[[0000000000000],[0000000000000],[0000000000000],[0000000000000],[0000000000000],[0000000000000],[0000000000000],[0000001000000],[0000000000000],[0000000000000],[0000000000000],[0000000000000],[0000000000000]]",frame_0503.jpg,classification_data2
"[[0000000000000],[0000000000000],[0000000000000],[0000000000000],[0000000000000],[0000000000000],[0000000000000],[0000000000000],[0000000000000],[0000000000000],[0000000000000],[0000000000000],[0000000000000]]",frame_0505.jpg,classification_data2
"[[0000000000000],[0000000000000],[0000000000000],[0000000000000],[0000000000000],[0000000000000],[0000000000000],[0000000000000],[0000000000000],[0000001000000],[0000000000000],[0000000000000],[0000000000000]]",frame_0508.jpg,classification_data2
"[[0000000000000],[0000000000000],[0000000000000],[0000000000000],[0000000000000],[0000000000000],[0000000000000],[0000000000000],[0000000000000],[0000000000000],[0000000000000],[0000001000000],[0000000000000]]",frame_0511.jpg,classification_data2
"[[0000000000000],[0000000000000],[0000000000000],[0000000000000],[0000000000000],[0000000000000],[0000000000000],[0000000000000],[0000000000000],[0000000000000],[0000000000000],[0000000100000],[0000000000000]]",frame_0516.jpg,classification_data2
"[[0000000000000],[0000000000000],[0000000000000],[0000000000000],[0000000000000],[0000000000000],[0000000000000],[0000000000000],[0000000000000],[0000000100000],[0000000000000],[0000000000000],[0000000000000]]",frame_0519.jpg,classification_data2
"[[0000000000000],[0000000000000],[0000000000000],[0000000000000],[0000000000000],[0000000000000],[0000000000000],[0000000000000],[0000000100000],[0000000000000],[0000000000000],[0000000000000],[0000000000000]]",frame_0521.jpg,classification_data2
"[[0000000000000],[0000000000000],[0000000000000],[0000000000000],[0000000000000],[0000000000000],[0000000100000],[0000000000000],[0000000000000],[0000000000000],[0000000000000],[0000000000000],[0000000000000]]",frame_0524.jpg,classification_data2
"[[0000000000000],[0000000000000],[0000000000000],[0000000000000],[0000000100000],[0000000000000],[0000000000000],[0000000000000],[0000000000000],[0000000000000],[0000000000000],[0000000000000],[0000000000000]]",frame_0527.jpg,classification_data2
"[[0000000000000],[0000000000000],[0000000100000],[0000000000000],[0000000000000],[0000000000000],[0000000000000],[0000000000000],[0000000000000],[0000000000000],[0000000000000],[0000000000000],[0000000000000]]",frame_0530.jpg,classification_data2
"[[0000000100000],[0000000000000],[0000000000000],[0000000000000],[0000000000000],[0000000000000],[0000000000000],[0000000000000],[0000000000000],[0000000000000],[0000000000000],[0000000000000],[0000000000000]]",frame_0533.jpg,classification_data2
"[[0000000000000],[0000000010000],[0000000000000],[0000000000000],[0000000000000],[0000000000000],[0000000000000],[0000000000000],[0000000000000],[0000000000000],[0000000000000],[0000000000000],[0000000000000]]",frame_0536.jpg,classification_data2
"[[0000000000000],[0000000000000],[0000000000000],[0000000010000],[0000000000000],[0000000000000],[0000000000000],[0000000000000],[0000000000000],[0000000000000],[0000000000000],[0000000000000],[0000000000000]]",frame_0539.jpg,classification_data2
"[[0000000000000],[0000000000000],[0000000000000],[0000000000000],[0000000000000],[0000000010000],[0000000000000],[0000000000000],[0000000000000],[0000000000000],[0000000000000],[0000000000000],[0000000000000]]",frame_0542.jpg,classification_data2
"[[0000000000000],[0000000000000],[0000000000000],[0000000000000],[0000000000000],[0000000000000],[0000000000000],[0000000000000],[0000000010000],[0000000000000],[0000000000000],[0000000000000],[0000000000000]]",frame_0547.jpg,classification_data2
"[[0000000000000],[0000000000000],[0000000000000],[0000000000000],[0000000000000],[0000000000000],[0000000000000],[0000000000000],[0000000000000],[0000000000000],[0000000010000],[0000000000000],[0000000000000]]",frame_0550.jpg,classification_data2
"[[0000000000000],[0000000000000],[0000000000000],[0000000000000],[0000000000000],[0000000000000],[0000000000000],[0000000000000],[0000000000000],[0000000000000],[0000000000000],[0000000000000],[0000000010000]]",frame_0553.jpg,classification_data2
"[[0000000000000],[0000000000000],[0000000000000],[0000000000000],[0000000000000],[0000000000000],[0000000000000],[0000000000000],[0000000000000],[0000000000000],[0000000000000],[0000000001000],[0000000000000]]",frame_0556.jpg,classification_data2
"[[0000000000000],[0000000000000],[0000000000000],[0000000000000],[0000000000000],[0000000000000],[0000000000000],[0000000000000],[0000000001000],[0000000000000],[0000000000000],[0000000000000],[0000000000000]]",frame_0561.jpg,classification_data2
"[[0000000000000],[0000000000000],[0000000000000],[0000000000000],[0000000000000],[0000000000000],[0000000001000],[0000000000000],[0000000000000],[0000000000000],[0000000000000],[0000000000000],[0000000000000]]",frame_0564.jpg,classification_data2
"[[0000000000000],[0000000000000],[0000000000000],[0000000001000],[0000000000000],[0000000000000],[0000000000000],[0000000000000],[0000000000000],[0000000000000],[0000000000000],[0000000000000],[0000000000000]]",frame_0569.jpg,classification_data2
"[[0000000000000],[0000000001000],[0000000000000],[0000000000000],[0000000000000],[0000000000000],[0000000000000],[0000000000000],[0000000000000],[0000000000000],[0000000000000],[0000000000000],[0000000000000]]",frame_0572.jpg,classification_data2
"[[0000000001000],[0000000000000],[0000000000000],[0000000000000],[0000000000000],[0000000000000],[0000000000000],[0000000000000],[0000000000000],[0000000000000],[0000000000000],[0000000000000],[0000000000000]]",frame_0574.jpg,classification_data2
"[[0000000000000],[0000000000100],[0000000000000],[0000000000000],[0000000000000],[0000000000000],[0000000000000],[0000000000000],[0000000000000],[0000000000000],[0000000000000],[0000000000000],[0000000000000]]",frame_0577.jpg,classification_data2
"[[0000000000000],[0000000000000],[0000000000000],[0000000000000],[0000000000000],[0000000000100],[0000000000000],[0000000000000],[0000000000000],[0000000000000],[0000000000000],[0000000000000],[0000000000000]]",frame_0584.jpg,classification_data2
"[[0000000000000],[0000000000000],[0000000000000],[0000000000000],[0000000000000],[0000000000000],[0000000000000],[0000000000100],[0000000000000],[0000000000000],[0000000000000],[0000000000000],[0000000000000]]",frame_0587.jpg,classification_data2
"[[0000000000000],[0000000000000],[0000000000000],[0000000000000],[0000000000000],[0000000000000],[0000000000000],[0000000000000],[0000000000000],[0000000000000],[0000000000100],[0000000000000],[0000000000000]]",frame_0592.jpg,classification_data2
"[[0000000000000],[0000000000000],[0000000000000],[0000000000000],[0000000000000],[0000000000000],[0000000000000],[0000000000000],[0000000000000],[0000000000000],[0000000000000],[0000000000000],[0000000000100]]",frame_0595.jpg,classification_data2
"[[0000000000000],[0000000000000],[0000000000000],[0000000000000],[0000000000000],[0000000000000],[0000000000000],[0000000000000],[0000000000010],[0000000000000],[0000000000000],[0000000000000],[0000000000000]]",frame_0603.jpg,classification_data2
"[[0000000000000],[0000000000000],[0000000000000],[0000000000000],[0000000000000],[0000000000000],[0000000000000],[0000000000010],[0000000000000],[0000000000000],[0000000000000],[0000000000000],[0000000000000]]",frame_0605.jpg,classification_data2
"[[0000000000000],[0000000000000],[0000000000000],[0000000000000],[0000000000010],[0000000000000],[0000000000000],[0000000000000],[0000000000000],[0000000000000],[0000000000000],[0000000000000],[0000000000000]]",frame_0610.jpg,classification_data2
"[[0000000000001],[0000000000000],[0000000000000],[0000000000000],[0000000000000],[0000000000000],[0000000000000],[0000000000000],[0000000000000],[0000000000000],[0000000000000],[0000000000000],[0000000000000]]",frame_0619.jpg,classification_data2
"[[0000000000000],[0000000000001],[0000000000000],[0000000000000],[0000000000000],[0000000000000],[0000000000000],[0000000000000],[0000000000000],[0000000000000],[0000000000000],[0000000000000],[0000000000000]]",frame_0621.jpg,classification_data2
"[[0000000000000],[0000000000000],[0000000000000],[0000000000000],[0000000000000],[0000000000000],[0000000000001],[0000000000000],[0000000000000],[0000000000000],[0000000000000],[0000000000000],[0000000000000]]",frame_0630.jpg,classification_data2
"[[0000000000000],[0000000000000],[0000000000000],[0000000000000],[0000000000000],[0000000000000],[0000000000000],[0000000000001],[0000000000000],[0000000000000],[0000000000000],[0000000000000],[0000000000000]]",frame_0632.jpg,classification_data2
"[[0000000000000],[0000000000000],[0000000000000],[0000000000000],[0000000000000],[0000000000000],[0000000000000],[0000000000000],[0000000000000],[0000000000000],[0000000000001],[0000000000000],[0000000000000]]",frame_0637.jpg,classification_data2
"[[0000000000000],[0000000000000],[0000000000000],[0000000000000],[0000000000000],[0000000000000],[0000000000000],[0000000000000],[0000000000000],[0000000000000],[0000000000000],[0000000000001],[0000000000000]]",frame_0639.jpg,classification_data2
